uname,mid,roomid,follower,guardNum,coefficent,gid
梨安不迷路,1900141897,23770996,137791.0,3580,3540.2434767024397,
烛灵儿Hikari,399815233,21728563,669021.0,2400,2460.420384202892,
星瞳_Official,401315430,22886883,682776.0,2220,2281.710662401646,
天草丶柑橘王,391445,872188,,2096,,75.0
米诺高分少女,1778026586,25512465,140427.0,2012,1973.444889989887,
蒋芸Mirai,114866,952192,,1985,,75.0
少年Pi,13046,92613,,1804,,75.0
阿萨Aza,480680646,21696950,1426432.0,1789,1897.421541812645,
老实憨厚的笑笑,8739477,545068,,1500,,241.0
文韬Stefan,412504829,21996307,,1427,,75.0
织月黛黛,28278764,23578004,346636.0,1375,1393.732334777675,
Asaki大人,194484313,6154037,1385995.0,1261,1367.5982891674666,
嘉然今天吃什么,672328094,22637261,1749627.0,1237,1358.3694956325662,
杜铂雷Dobre,1294678093,25166222,209523.0,1148,1134.8141297628467,
籽岷,686127,544853,,1107,,75.0
蒲熠星,226102317,21281833,,1089,,75.0
十万口草莓粥粥,10893225,182607,,1087,,75.0
阿梓从小就很可爱,7706705,80397,775676.0,1084,1153.7984778053337,
雪狐桑,477792,24393,532890.0,1044,1089.9968572014534,
棋手战鹰,2051617240,23141761,,1035,,75.0
郝饱饱饿了,275230721,30329336,,1011,,75.0
向晚大魔王,672346917,22625025,584016.0,931,982.8051439612846,
黎歌Neeko,671538942,22571722,503695.0,911,953.4246414059328,
冥冥meichan,45502,22650610,637629.0,909,966.3734537299679,
C酱です,67141,47867,1467712.0,877,987.2302489817389,
安晴Ankii,44903085,14197798,556107.0,872,920.7005944482171,
瓶子君152,730732,42062,,858,,75.0
Liyuu_,4549624,5265,,838,,75.0
兰音Reine,698029620,22696653,1743503.0,803,924.1471952900183,
乃琳Queen,672342685,22625027,689495.0,768,830.3315135369508,
贝拉kira,672353429,22632424,577657.0,752,803.1110336102067,
神奇陆夫人,419220,1016,,750,,75.0
明前奶绿,2132180406,25034104,233172.0,750,743.5943070943142,
岁己SUI,1954091502,25788785,42108.0,728,613.082757808535,
EdmundDZhang,433351,5050,,708,,75.0
鈴木老师,3546566092654833,31134168,,669,,76.0
陈玺颜,3493282111818202,27803956,,645,,76.0
KB呆又呆,389088,1010,,623,,75.0
梦音茶糯,140378,958617,659823.0,613,672.5426852201738,
奈姬niki,3035105,3415150,610119.0,582,636.57734956235,
小柔Channel,1734978373,22696954,333795.0,581,597.339098521732,
呜米,617459493,22384516,825641.0,575,648.7562321330643,
眞白花音_Official,401480763,21402309,1512054.0,561,673.117303430032,
奶茶☆,777964,12962,,547,,76.0
希月萌奈,591892279,22889484,254359.0,540,539.10822261166,
露米Lumi_Official,2000609327,25977291,112512.0,536,483.3936812457439,
Afaer-展麟Finn,1259447274,25933773,143575.0,535,497.85045315144043,
大头鹰不怼人,368741499,30210595,,521,,75.0
longdd黄翔,1388514638,23982773,,509,,75.0
小铃久绘Official,1875094289,22754458,227024.0,493,484.90021852516566,
MyGO_AveMujica,1459104794,31160604,,491,,76.0
咩栗,745493,8792912,924134.0,486,566.9012237352176,
时雨ioo,27717502,7401280,,482,,75.0
安可anko_Official,440738032,25839275,77427.0,462,385.6995589997098,
田中姬铃木雏Official,296909317,10209381,336902.0,461,477.9265029953142,
走路摇ZLY,356010767,15013068,,447,,76.0
夏夏大魔王_Axx,233592835,6750632,,441,,75.0
东爱璃Lovely,3821157,21692711,236548.0,434,428.50566741800094,
小深深儿,10673533,2807295,,424,,75.0
Afaer-吕和今Asota,3461569182698067,25921269,146387.0,417,381.080175592901,
希丝奈cisne,1063558832,26088559,202749.0,402,386.73050412224256,
石凯kk,241329181,22040711,,402,,76.0
雫るる_Official,387636363,21013446,767398.0,394,463.11823792733185,
小缘,5055,263605,,394,,75.0
芋圆有点甜-,1323218982,23356199,,392,,76.0
折原露露,631070414,22389206,1122409.0,383,476.22462818551526,
甜夕sweet,526729810,26103248,125879.0,382,336.5110442084324,
AG超玩会王者荣耀梦泪,108569350,4245963,,381,,76.0
奈奈莉娅Channel,489146840,22301377,222325.0,378,368.5741781405809,
五月织姬ctsu,441952268,22014628,251574.0,378,376.4102219535939,
-小默默,141596701,26307043,,375,,76.0
Tse7en_恭梓,39720180,22659151,,369,,76.0
某幻君,1577804,271744,,369,,75.0
沐霂是MUMU呀,1878154667,23771139,147316.0,368,332.48125284731714,
菠萝赛东°,197098,37527,,368,,75.0
企鹅带带北极熊,551188239,23121424,,364,,76.0
七海Nana7mi,434334701,21452505,990819.0,361,446.3186054898383,
露珀塔_Ruperta,2100944625,22700040,248419.0,359,356.6100921321654,
御天神Grace,109834414,24492364,,357,,75.0
LNG_Scout,371696458,26768262,,349,,75.0
魔法Zc目录,13164144,3044248,,341,,75.0
鱼鹅来了,1667514736,22722289,,340,,76.0
巴老师的小号,1588646945,25206807,206352.0,338,323.84727531742465,
多多poi丶,11253297,392523,3018776.0,337,492.9509513821622,
纳豆nado,620666,159586,,335,,75.0
早凉,518817,5169315,249484.0,333,330.8813140487805,
赵俊日,66556492,22174141,,330,,75.0
RO姬_Official,3494357252442916,30326232,106603.0,321,264.973363546304,
烤鱼子Official,592507317,22259479,107726.0,319,263.6377519543796,
金灿灿T0,81345676,23808183,,312,,76.0
卡缇娅也不知道鸭,1011797664,24697117,108728.0,307,252.2247335188706,
甜甜犬m,1818201166,31511383,,306,,76.0
Ken丶丨丶,292197723,12590073,,306,,76.0
兔子学妹c,3546587957561676,31457010,,305,,76.0
好股团,414842715,21752191,,304,,76.0
猫宫心爱,3546571715119846,31399498,19771.0,303,140.1509928828474,
丸嘻嘻,300702024,9922197,,297,,76.0
苏霏_,3493089022839682,26529551,,294,,76.0
HeWu狐,1051654586,23053924,30185.0,294,157.97736480401534,
逍遥散人,168598,1017,,293,,75.0
HiiroVTuber,508963009,21919321,1097700.0,291,382.8133323554209,
魔王大人Maou,93876791,4241803,,283,,75.0
傻虾小可爱,23508383,92444,,281,,76.0
可洛Cro_,3494361880856991,30071855,185572.0,268,247.11796752107375,
hanser,11073,48743,4427780.0,268,448.2361234831096,
扇宝,698438232,22673512,471692.0,267,305.26276768305,
诺子喵呜,10276136,21654925,1342145.0,267,371.5600290724708,
灰烬丶Alex,351928719,12467313,,265,,76.0
雪绘Yukie,56748733,21756924,250505.0,265,263.14024570517995,
野坤妹a,3537117036677627,30558341,,264,,76.0
兔眠可可,1096034982,24978909,316828.0,263,276.0316478154177,
雪糕cheese,3493139945884106,27183290,221056.0,262,252.21126308700332,
菌烨tako,2350559,7150448,,260,,75.0
啵啵奶兔籽,450754856,30366023,,260,,76.0
浅川玉乃,1927279531,25021721,280447.0,260,265.298478395589,
Kiki向前冲呀,85729717,21423462,,259,,76.0
腿姐姐m,3546391978707596,30934764,,258,,76.0
一条小糖糖,3493273152784750,27511091,,256,,76.0
银狼爱狂三,34690710,5433500,,254,,76.0
人间索尼子,67826583,21615343,,251,,76.0
仙女味儿的青青,2127636640,23159873,,250,,76.0
marjory马儿,21808424,21845089,,249,,76.0
Mo_F丶莫风,652281965,24492935,,249,,76.0
Afaer-林亚Raenia,504822817,25933809,73807.0,246,166.66384153627303,
大白突突突突,12528170,4898018,,243,,76.0
纱依shayi,3461576189282324,26168663,62640.0,242,152.26310156414104,
泪眼执笔墨成花,9838546,4083870,,238,,76.0
丧妹有点跳,4548018,48499,,238,,76.0
龙哥哥今天又鸽了,37804608,4283606,,237,,76.0
永雏塔菲,1265680561,22603245,1010427.0,236,322.5610184490547,
米汀Nagisa,2124647716,31368705,13844.0,235,49.55749678148197,
泰蕾莎Channel,620903,870004,694846.0,233,295.82164579428627,
Key725,11332884,904823,,233,,75.0
老骚豆腐,4578433,763679,,232,,75.0
泛式,63231,33989,,232,,75.0
崽一Flora,404398373,27003030,,232,,76.0
等花开与安宸-wz带粉,392170748,23870434,,231,,76.0
百万又,11811464,5287928,,229,,76.0
云上京,394869494,22080198,,229,,76.0
男人的承诺,81371985,23258265,,227,,76.0
简大梦想家,1295724312,31417867,,227,,76.0
美月もも,2073012767,23698286,274403.0,225,228.91718702936612,
東雪蓮Official,1437582453,22816111,584361.0,224,275.84258564429547,
黑丝小妈缺爱版,1844098156,31400078,,223,,76.0
亮_Sama,412630000,21348897,469597.0,223,260.9805520844004,
凶小奶猫,214871639,26585099,,222,,76.0
小黑的人间观察记录,500508001,21784772,,221,,76.0
Akie秋绘,4176573,870691,474272.0,221,259.608599882971,
未未昭,6699767,713435,79914.0,220,145.70398166620396,
咲间妮娜Official,573930836,22566228,108332.0,219,163.99340183312052,
伊索尔Sol,1694610556,25971921,57017.0,219,123.30004102093915,
BLG_Elk,1791417495,26808337,,218,,76.0
迷路的牙刷,113791,35298,237086.0,217,211.6496993695497,
卡丘啊那个卡丘,12481638,291873,,217,,76.0
花辞鸢树serein,243265104,7222865,,217,,76.0
双尾彗星,48330353,1496449,370619.0,216,238.97375310706798,
喵熊°,30698151,234024,,213,,76.0
永恒娘Official,1377212676,23945583,359682.0,213,234.07465219869277,
懿哥陪你躺平,556343574,26922223,,211,,76.0
余多多Dudu,2131609593,22820500,,211,,76.0
王筱沫沫丶,533996453,23762953,,211,,76.0
水一大魔王,1950209,2527843,,210,,76.0
是鹿Lu吖,3493143771089660,27245513,,208,,76.0
正直少年李发卡,49922172,2444178,295302.0,207,215.57079348659238,
紫苏九月,8199,598192,,206,,76.0
栞栞Shiori,1609526545,26966466,28681.0,206,66.73697624602244,
花花Haya,269415357,7688602,431570.0,205,237.62672907264505,
__小黄瓜__,24047117,1621877,,204,,76.0
蕾尔娜Leona,473244363,22992234,940043.0,204,285.98336892564157,
_糖果果Candy_,26261068,295476,,203,,76.0
一只小仙若,16539048,394518,,203,,76.0
肥猫腿豚豚,1061913292,25043832,,202,,76.0
甄姬国服,1126287583,25796368,,202,,76.0
露露自信一点,21353574,11954219,,201,,76.0
遇见初夏-,391901062,25554194,,201,,76.0
踏雪寻梅3124,17393811,666816,,201,,76.0
鹿火CAVY,1839002753,23198171,,201,,76.0
杜松子_Gin,471460273,22195814,363688.0,201,222.77687373538106,
狱凰阿巴阿巴,2156921,998197,,200,,76.0
花少北丶,2206456,81711,,200,,75.0
幼喵学姐-缺总督版,3546573090851076,31236635,,200,,76.0
南晚姐姐,3537113322621143,30507507,,200,,76.0
Spark-GUXUE,13854759,4792266,,199,,76.0
大鹅炖蘑菇吗,512192764,22683055,,199,,76.0
灰酱啊,1451990498,22894174,,198,,76.0
咝小喵MAO,2009929,68519,,198,,76.0
Kyo_ow,26179136,7395955,,197,,76.0
解说Mage,472497932,22508985,,197,,76.0
V大龄中二病患者V,25615618,91544,,196,,76.0
随风阿狸,389965171,22226471,,196,,76.0
秋凛子Rinco,479633069,21677969,125032.0,196,150.0830039552967,
大炒面制造者Cen,14890801,426667,,195,,76.0
切茜娅CheIsea,632960,1944820,276436.0,194,198.38517417348783,
凉哈皮,8618005,6136246,,194,,75.0
坂坂白,560647,2755958,,193,,76.0
HZS-Leave,1354015232,31294374,,193,,76.0
小杰与小离-王者带粉,3493271449897409,31384136,,193,,76.0
橘橘猫JJM_Tachibana,153021560,21766592,,190,,76.0
Mia米娅-,780791,5561470,37719.0,186,64.10407888156578,
MizunoAki,3493108312443727,26715753,180609.0,185,162.39929031549923,
泠鸢yousa,282994,47377,3404859.0,184,347.58127311685985,
小紫才没有摸鱼,237140787,23259710,218225.0,184,173.39407370286517,
蝶蝶Hikari,697737710,23369901,88810.0,183,115.39573753501168,
维维没糖吃,3546392328931335,30939359,,183,,76.0
性巴莎拉,2059591,271628,,182,,76.0
小须须_Arcana,26177922,3567937,,182,,76.0
黑泽诺亚NOIR,922573,251015,600900.0,182,235.612053574416,
吃肉包的怂鼠,24957521,4726132,159255.0,181,150.42180890534064,
绝不早到小吱吱,11616487,3495920,,181,,76.0
你是Nana的小可爱吗,32909772,3580061,,181,,76.0
阿久_Aku,3494351384611564,27948670,146715.0,180,144.22207301209733,
HZS-Lengsa,168834692,25452483,,179,,76.0
好喝的白开水丶,1943211712,22844133,,177,,76.0
炭烧奶蛋,886992,21504767,,177,,76.0
恬豆发芽了,1660392980,23771189,126951.0,175,130.0486798314704,
薇拉Vera-Official,532791,23092710,200914.0,175,159.15408368544445,
说说Crystal,283886865,9234980,197463.0,175,158.05563235363172,
楚楚流萤睡醒了吗,14942520,22038066,,175,,76.0
职业奶妈三水子,368912447,25345971,,174,,76.0
咖米狸,7770395,14733388,,174,,76.0
自主品牌才是国家希望,367320,10609304,,173,,76.0
艾尔莎_Channel,1521415,81004,290198.0,173,180.46540733045595,
老师好我叫飞莎儿,149890182,4894773,,171,,76.0
阿紫老师-,3546587819149443,31455735,,170,,76.0
氿氿ayumiko,2482644,943565,360483.0,170,191.21568493686027,
炫神_,299013902,14709735,,169,,75.0
舍长驾到,70666,544864,,169,,76.0
阿噗的快乐生活,2110567804,23794191,,169,,76.0
黎沈King,240916,813364,,169,,76.0
鬼叔黍,38568774,23679394,,168,,75.0
峰哥亡命天涯,35847683,22230707,,168,,76.0
黑之951,3494353391585585,30407385,,168,,76.0
在下淘子,12303456,954160,,168,,76.0
钉宫妮妮Ninico,8881297,55634,467868.0,166,203.74669007506213,
Afaer-伊梦Eligo,2086914019,25277492,77287.0,165,88.58481822094814,
又一充电中,1217754423,23771092,128152.0,164,119.64564625337573,
礼墨Sumi,435243735,23222837,92778.0,164,99.16696969600093,
长相思-忧嗓冠,1869286411,27472816,,163,,76.0
天天Ame,1950721001,24817507,344230.0,163,181.2907411352178,
塔克Tako,9066351,21737386,416941.0,163,193.44038025107568,
尤格Yog,690608709,23550749,162484.0,163,133.69442723079248,
古月酱cc,83677665,9048914,,163,,76.0
予绵绵,11449972,5224276,,163,,76.0
绘竹-,181560596,8250220,,162,,76.0
羽天Shine,27193537,1149306,,162,,76.0
依然小智,137952,5085,,162,,76.0
瑞娅_Rhea,690608698,23260993,71732.0,161,79.8558874497312,
苏烟Suyn,33004908,1851740,,161,,76.0
特兰西Transylvania,2520807,18406,,160,,76.0
Leah莉娅又迟到啦,31922771,12384934,,160,,76.0
猫姐姐nya,41377819,1897222,,160,,76.0
桃几OvO,1104048496,22642754,58464.0,160,65.8889535118683,
小妖晶hush,482969247,25186772,,159,,76.0
花兮_honoka,91136837,25810471,,159,,76.0
Dobby小梦,65556369,22048043,,158,,76.0
Kim嘤嘤嘤,115247162,11553675,,158,,76.0
咕咕咕噜oo,453141751,23564688,,158,,76.0
稀有材料11,292933285,30539515,,157,,76.0
虚拟小萨,6415072,43241,448881.0,157,192.12013042519902,
植物椿,13199099,21724277,,157,,76.0
超级乘风儿,36644741,22666872,,157,,76.0
仓鼠绅士,11312659,38781,,157,,76.0
尼奈nine_Official,163653,162180,925404.0,157,237.98829197891382,
星汐Seki,51030552,1603600,198234.0,156,139.3026974658743,
王宝煲,1978636705,26872684,27959.0,156,15.120546882860936,
凉宫雨Ame,134637395,23188396,83436.0,156,84.4383485028369,
露蒂丝,52522,850221,54900.0,156,57.90123098334925,
汤面桢子,179288789,5581471,,155,,76.0
shourei小N,249118,363889,2085120.0,155,287.49136361369574,
惭愧的小蘑菇,256501252,22633569,,155,,76.0
悠亚Yua,666726799,22470216,87884.0,154,85.7312108676349,
-三松许-,33605910,2450440,,154,,75.0
夏川玥玥Official,1802011210,22758221,503097.0,153,195.34932653561486,
阳阳不想熬夜,618107325,22334596,538750.0,153,199.69023875336597,
鸽一品,11399495,4910271,650657.0,152,210.65578289926543,
Yommyko,14272337,21263282,246209.0,152,149.04354542482452,
戒社,27492426,22188468,,152,,76.0
yys靠脸混饭,2889968,21168868,,151,,76.0
你听来了,25072735,22920648,,151,,76.0
寂寞的母亲,3546567252380106,31205543,,151,,76.0
官人10086,1216353331,22801290,,150,,76.0
吹散z,1441572748,24853527,,150,,76.0
岱川Doris,1643484295,22900071,156328.0,150,118.24571816872208,
乌拉の帝国Official,610390,14893,153279.0,150,116.99695538569847,
孙工普拉斯,824967,395113,130989.0,150,107.03387109077323,
小可学妹,14387072,6374209,452676.0,150,185.65388352364982,
喜欢脚的依依,382160336,14475263,,149,,76.0
第五灌灌,3493119043570098,26924998,,149,,76.0
Jimmy吉米叽,411905191,21348837,,148,,76.0
叫我肘子哇,2137691944,25965907,,148,,76.0
夜莲Annbbers,1629467333,24160384,,148,,76.0
陈哥1,6639802,12265,,148,,76.0
深水皮蛋,37334816,1085986,,147,,76.0
黑猫大少爷,4831263,946413,,147,,76.0
恩骨,26413405,173586,175294.0,147,122.50553806421863,
罗塞菈Rosella,3493286014618492,27882637,67634.0,147,62.12631037035669,
咩瓜_sxbjzd,13002659,4586625,,146,,76.0
阳光男孩小丑熊,3949941,22907643,,146,,76.0
Langx919,1467384952,24022841,,146,,76.0
妮莉安Lily,3493271057730096,27484357,,146,,76.0
念雅和小钰-带粉,3493297494428398,30552561,,146,,76.0
单纯老师,3546386177985027,30848602,,145,,76.0
玻璃Bori,3493279316314233,27585820,,145,,76.0
陌陆z,489110062,23900926,,145,,76.0
一个乌龟酱,84674730,4795936,,145,,76.0
Ame-__-,2049801772,25836285,,145,,75.0
赫卡特_Hecate,402110060,27266811,33221.0,145,15.053436552943595,
Ryougi__两仪,1549035,30112956,,144,,76.0
粉_狐狸,3537122428455265,30628989,,144,,76.0
枯水,699438,49728,,144,,76.0
i御十二,607286,757349,674114.0,144,204.90119625466775,
LexBurner,777536,11365,,143,,75.0
-阿蕊娅Aria-,10850238,594461,58311.0,143,48.72281854204357,
12dora,70093,544786,,143,,75.0
不要脸的狗子,287935100,22258533,,143,,76.0
第二颗纽扣给樱酱QvQ,11644473,498388,,143,,76.0
自由魂儿儿儿,1282271864,23459804,582914.0,142,193.68539929661847,
Niya阿布,188679,685026,,142,,76.0
冲男阿凉,239060440,21204307,,142,,76.0
中单光一,434401868,21457197,113480.0,141,88.93681175770473,
烤梨梨Kaoli,5296038,27601370,,141,,76.0
QWQ梓越-王者带粉,3546389355170433,30894546,,141,,76.0
幼蓝蓝,509069409,21880079,,140,,76.0
鲸鱼娘西丝特official,1398337493,26545331,1627190.0,140,256.7699510635766,
靡烟miya,1958703906,22894962,53172.0,140,39.87360981060681,
高寒时薪十块,7071924,440006,,140,,76.0
Zarz蛋蛋解说,326229399,23945197,,139,,76.0
早椰恋恋,80000000,26774400,73008.0,139,58.973760820799384,
OldBa1,50621949,1569975,,139,,75.0
ameng梦梦梦,25470223,12101556,,138,,76.0
安艺上大分,703009181,31632608,,138,,76.0
清月已经不困了,3493267270273493,30929174,,137,,76.0
莱妮娅_Rynia,703018634,22605289,58012.0,137,42.39688744072089,
绫月汐Shio,5986897,6204892,45396.0,137,26.849565998293315,
小精灵real,10897366,4661140,,137,,76.0
佐仓•M•沙耶加,72960,18060,108473.0,136,81.07586673254934,
鹿野灸,5659864,2064239,251854.0,136,134.48074644500275,
CQ-念念不忘-双厅pk,3493115455343048,26802933,,136,,76.0
塞满Sama,410588425,24416278,,136,,76.0
YL-元林,1930464509,25334591,,136,,76.0
大肉嘎,16037078,21737720,,136,,76.0
Spark-Mmonk,44235058,8948888,,136,,76.0
偏执的多啦B梦,2587926,27919,,136,,76.0
火龙果说电影,40665101,23585383,,135,,76.0
守护茶茶,37946996,1440094,,135,,75.0
一口吃掉粥粥,627432065,24199791,67428.0,135,49.932911633072536,
明诗ovo国服打野,3546554229066375,30982132,,135,,76.0
月隐空夜,49631892,21292831,886506.0,135,213.26573714683445,
白神遥Haruka,477332594,21652717,762321.0,135,203.6973985681185,
美少女晴晴晴子,1099371313,25213175,198863.0,134,117.50354830762035,
憨疯SaramandE,14361477,3272215,,134,,76.0
早稻叽,1950658,41682,1048913.0,134,222.93099769111575,
楚钧艾克,277827884,24678311,,133,,76.0
树礼Suki,3493277313534134,27578385,132464.0,133,90.74379640660231,
修修猫ww,374183950,26481217,,133,,76.0
牧牧白miiu,592150173,26874853,138611.0,133,93.61965453415519,
油鸡LostArk,389030076,26000459,,133,,76.0
v猫诺v,70070,308543,376096.0,132,155.90382154632562,
春去丶残秋,4801245,66251,,132,,76.0
艾咪酱大胜利,2000087334,23905748,,132,,76.0
酒酒井Anri,6640131,15748,352239.0,131,150.74893377206809,
wuli鬼千千儿,232750024,7624398,,131,,76.0
sh7adow,321370945,15013765,,131,,76.0
尹阿泡Apo,517141742,21964288,,130,,76.0
夢乃栞Yumeno_Shiori,372984197,14052636,260291.0,130,130.56981964434874,
穆小泠Official,43272050,21646457,796485.0,130,201.47689070338663,
七濑Unia,353361863,21514463,398574.0,130,157.58411213159627,
不知原深,1184238527,26526557,450332.0,130,165.32473929950265,
韩小沐,642922,146088,,130,,75.0
床老师m,1921506372,31471763,,130,,76.0
旧城旧梦111,32256602,3266695,,130,,76.0
夏牧缘MAKI,3493087074585126,27129857,,130,,76.0
喵呐喵喵喵,22840678,2930168,,130,,76.0
弥希Miki,477317922,21672023,144504.0,129,92.25936045930575,
甜水水_实时二机版,3546590509795608,31496743,,129,,76.0
againwhy,10583117,862316,,128,,76.0
撸sir兰陵君,353609978,13233348,,128,,76.0
真的想不出名儿了,2990100,4195167,,128,,76.0
立音的要塞都市,240231761,6188070,,128,,76.0
果汁erR,25032753,5312656,126006.0,127,81.57497656393048,
Berlin丶柏林林,100562870,21022909,,127,,76.0
血狼破军,267766441,8432038,,127,,76.0
DNF手游小韩,434543178,24683206,,127,,76.0
方舟张三疯,4830126,27482546,,127,,76.0
幻贺Huan,34023081,2006838,,127,,76.0
棉花大哥哥,1871001,34348,,127,,241.0
薇Steria,1112031857,22924075,58074.0,126,31.46460965311087,
猫不吃芒果め,14198063,82178,,126,,76.0
胡高高堆桃桃,576152108,23688144,,126,,76.0
小缸,1850720242,26832533,,126,,76.0
FARWAY远芳芳,25958091,925378,,126,,76.0
万拓普TOP,2072717192,23969425,119284.0,125,76.09924144863317,
笠子喵owo,220685927,6173696,,125,,76.0
一米八的坤儿,19738891,4350043,,125,,75.0
AsUkaLee阿斯卡,455704,1700645,,125,,76.0
奶御何子-金牌导师,3494376214890600,30288596,,125,,76.0
狩野色,3493286566169496,27820488,,125,,76.0
池乐还是有点饿,3494358269561570,30017344,,125,,76.0
抖个姬灵,454984558,21555489,,125,,76.0
随一Suiii,1355412269,23075997,,125,,76.0
模拟战毋尘,233444020,22918877,,125,,76.0
泪腺战士,374377,45104,,125,,76.0
LGDPYL116,651731017,22439496,,125,,76.0
羽咲Rabi_Official,396316042,23199554,130118.0,124,80.61089043665413,
人好嘴甜凯尔希,1683678,320224,,124,,76.0
宇津七舆,13134890,2582399,,124,,76.0
绯绯-宇宙级云中君,3493292098456499,27766196,,124,,76.0
两仪滚,183430,5096,,124,,75.0
丸三不加糖,331195228,26616213,,123,,76.0
香老师123,73415842,21593109,,123,,76.0
小霖QL,36047134,8324350,,123,,76.0
茉吱Mojuko,1968783589,22926711,591328.0,123,175.59399689415136,
艾露露Ailurus,1501380958,22746343,284858.0,123,129.28790207247164,
荷尔蒙hormone,3493293765691901,27790779,,122,,76.0
狐狸不啸了,8935497,23596313,,122,,76.0
么么小茜茜,431856380,23423267,,122,,76.0
Mccarthy404,13249663,6785943,,122,,76.0
东平与博凯-王者带粉,3493082630720113,31577463,,121,,76.0
昕瑶阿,1976195650,27341683,,121,,76.0
隔壁老李的矿山日记,1463519331,22871203,,121,,76.0
香草姐姐ovo,1051749154,31374186,,121,,76.0
小熊茉莉,4677463,43001,,121,,76.0
桃星Tocci,690608704,23017349,175315.0,120,95.51313284930166,
眠特Mint,1202416628,24255210,266142.0,119,120.97918674637708,
绫濑光Official,6747203,3428783,119631.0,119,70.28340582064232,
露早GOGO,1669777785,25512443,127541.0,118,73.34264637671185,
丝茉茉i,27564630,452138,98278.0,117,55.818217204248185,
狗狗狗雨,110631,5279,,115,,75.0
诺莺Nox,529249,282208,138961.0,115,75.77954106277036,
莫情呀,453685826,21544906,,115,,75.0
是姬拉Kira,180485916,5998426,488494.0,114,154.4818284643593,
木糖纯Official,54191665,8643223,366097.0,114,136.19543853115636,
劉俊朗,28677456,2652387,198315.0,114,97.32859792242027,
凤小七seven,321650277,24833274,239222.0,113,108.21833692265875,
Gluneko,301940,10401,,112,,75.0
夏露露Ruru,1486340861,24988171,674176.0,112,172.9070270477506,
卡萝尔Akuma,1942864208,24827493,218536.0,111,100.48436291519135,
思诺snow,3537115310721781,30858592,,110,,75.0
小桃Channel,1084222017,26065877,108216.0,110,54.92547785595639,
露娜Luna_Official,1908273021,26297216,61755.0,109,18.360976130092126,
宣小纸不怕火,3461582034045213,26276187,77230.0,109,32.53804278311384,
狩砂Karisa,690608714,23805078,46325.0,109,0.13390904313564533,
帅比笙歌超可爱OvO,15641218,573893,180326.0,109,86.2998696238136,
Ruriko琉璃子Channel,47441,54897,323406.0,108,122.33448357774182,
压刹channel,597701,1375798,66954.0,108,22.48565344923213,
雨中Neo,9404404,30762538,166498.0,108,80.24162573859155,
病院坂Rei,1041474702,22953950,127921.0,108,63.53126165232345,
蕾蕾大表哥,867152,81414,396793.0,108,135.30017883106086,
红晓音Akane,899804,411318,309875.0,106,117.62479867599689,
陆鳐LuLu,1856528671,23256987,1288615.0,106,207.9795804604837,
Hooxi_Official,271887040,21195828,62453.0,106,16.07354964946387,
小饭中年事件簿,145149047,4629447,,106,,75.0
小绝,275981,5367,,105,,75.0
奶茶姬,130209,10244,124449.0,105,58.786690670660164,
鲸落落raku,1583472,24125,50706.0,105,1.8628899339788632,
桃姆Q吃手手,1823500310,26174302,121312.0,104,56.168072561238205,
顾子韵_w,18932485,437817,63873.0,104,15.498937805600235,
飞天狙想要努力变胖,51628309,23197314,,104,,75.0
零太,334299,34587,89706.0,104,37.03217210702178,
莞儿睡不醒,1875044092,25512476,92751.0,104,39.14851651604431,
樱饼饼Sakura,3774410,1960179,56398.0,103,6.607981069808488,
蔓Aoede,1630494154,24715515,65546.0,103,16.138173294276044,
法里达,23263470,972474,75493.0,103,25.095816675824153,
许琪i,15404163,1181156,,103,,75.0
夢冬oTo,353708919,12607506,277492.0,102,106.62690407739672,
兮子cc,194326389,6203304,311641.0,102,113.98509415134004,
柚恩不加糖,1795147802,25512501,118058.0,102,52.444244934331095,
hololive,286700005,8982686,245258.0,101,97.79818418896264,
洛少爷,1447574,936475,1266123.0,101,201.86320011534008,
呆呆不吃喵,3493258189605288,27315114,54495.0,101,2.431792392704324,
楚天明c,280135728,21379697,154551.0,101,68.5209150972222,
池年,2341174,918717,204895.0,101,86.39803587497022,
江壹纯,324884920,22320946,81889.0,101,28.251804873520086,
砂奈是只小猫咪,27231887,1496588,250101.0,101,99.03791530737988,
星宮汐Official,402417817,22047448,506735.0,100,142.80613558472544,
喵波菈-bola,296880903,23575177,181820.0,100,77.82297432384883,
路希维德Wiede,2006452883,24778741,339391.0,100,117.39317443058314,
紫贝儿official,632171719,25908077,136825.0,100,59.79743821516831,
还有醒着的么,2100679,56237,523933.0,99,143.9221504665694,
汤圆四水,503492188,26591281,54842.0,99,0.8342156138029395,
柊真华Official,13908542,22251977,70235.0,98,15.518769416201621,
魔狼咪莉娅,1838190318,24643640,164256.0,98,69.38210490382585,
黛尔菲娜_Delphine,3494369332038563,30176136,76069.0,97,19.577712874291706,
Minicatty,423902976,21603945,123905.0,97,50.508944750240744,
绒米Romi,1738710719,23307008,107283.0,96,40.3764955442424,
dodo_Official,1855519979,23945626,226513.0,96,87.75735294326614,
酥壳Sarika,44062985,22858498,77477.0,94,17.74048757624871,
宴宁ccccc,14897804,7953876,1823298.0,94,217.98438595105938,
易遥Hayes,1369052,3881557,105452.0,94,37.28510704071914,
库莉姆Cream,1555453291,22749172,132893.0,93,50.948792873220896,
河黎有片小叶子,3461578781362279,26213288,62083.0,92,1.6968221325739705,
小司无常,8760033,14846654,68967.0,92,8.363708086639917,
kaka新星,1998383382,26182653,66979.0,91,5.5093220002002,
白雪眠,2081318489,26021194,117861.0,91,41.33836280611797,
神楽Mea_Official,349991143,12235923,866665.0,90,166.83065396492213,
日寄郁,1319038464,27004867,95006.0,90,26.671483699024634,
海月薰kaoru,1687766935,23015128,,90,,75.0
二老师原创,238329119,6103516,,90,,75.0
铃音_Official,39267739,4316215,199130.0,89,72.58861413812247,
赤五教教主亮亮,1697848019,23490978,66737.0,89,3.2798383669583018,
祖娅纳惜,3046429,938957,2261234.0,88,225.63210661182563,
李豆沙_Channel,1703797642,22966160,78813.0,88,12.824427216825256,
星野怜Official,176135235,22880700,284162.0,87,93.1328058649359,
轴伊Joi_Channel,61639371,21484828,121363.0,86,38.194720547620136,
猫雷NyaRu_Official,697091119,22676119,256593.0,85,84.66262499204538,
禅眠_,1519134,21866073,221700.0,85,75.3956970813191,
蝶太,1697694,602283,149075.0,85,50.23378520704887,
北柚香Yuka,480248442,22381346,89779.0,85,18.083744107525376,
茭白柒,35565205,4375036,205122.0,84,69.4682368738089,
古守血遊official,2299184,8725120,241341.0,84,79.77745391957046,
有棵里里,12939237,264788,224777.0,83,74.26958258324407,
吉诺儿kino,1383815813,23221095,165110.0,83,54.710880316800626,
桃宝Momoko,505183397,24143549,90025.0,83,16.25722645198266,
心宜不是心仪,3537115310721181,30849777,,83,,75.0
九重紫Official,225347042,9162799,378491.0,82,106.30627616025527,
伊安-Ean,3493105107995064,26833206,109166.0,82,27.479621100928966,
人间蜜药,12450452,22262300,123091.0,82,35.0910611663968,
中国BOY超级大猩猩,562197,65515,,82,,75.0
花满Official,690804827,22545602,192805.0,82,63.54215328700593,
艾因Eine,421267475,21403601,228641.0,81,73.35019045778427,
舒三妈Susam,6853766,3032130,262602.0,81,82.13023393177502,
虞莫MOMO,1811071010,25512485,100788.0,80,20.417108366523962,
温之九,58485079,2098875,165178.0,80,51.73698601886019,
Kirikosama,1442771,15122413,113600.0,80,28.00381898606645,
团小哈,686241472,22520319,99649.0,80,19.696549015649566,
香取绮罗_kira,574317507,22210372,187549.0,80,59.78982985524647,
妙妙子Official,674539396,22495291,388439.0,80,105.9511161741251,
紗耶_sayako,385281102,21749031,157393.0,79,47.67617235813043,
花玲Karin,474593909,21622680,433821.0,79,111.9565539075769,
污喵污喵哒,8041302,725364,122690.0,78,30.884182501583382,
阿里鸭Alya,67343062,2668595,85498.0,78,7.986139863954122,
烛宝哒,1132553462,24471858,168253.0,77,49.90640654248796,
尾巴Mezd,3493295372110314,27890693,91839.0,77,11.522033277716332,
风吟蝶_Channel,8171802,753667,79666.0,76,1.5069242322141463,
凛-阿格里亚斯,2650919,3525213,312728.0,76,88.20584780703575,
梦醒三生梦,93841264,3742025,,75,,75.0
小丸Official,15097846,3173023,81975.0,75,2.3183527485945206,
鹿乃ちゃん,316381099,15152878,2013998.0,75,205.29109157400865,
猫屋敷梨梨Official,26087398,1016818,80283.0,75,0.9960550680175402,
帕莎Pasha,1633779879,23368278,127891.0,73,28.51639135688208,
花丸晴琉Official,441381282,21547895,465846.0,73,110.47209849692558,
罗菈Rola,2052064438,22824550,101092.0,73,13.608049664008604,
やーちゃん_Ya酱,1377545740,25760587,132394.0,72,29.710284108666656,
绯赤艾莉欧_NHOTBOT,407106379,21396545,425351.0,71,102.70647732836073,
秋蒂Q,455899334,22163937,93362.0,70,5.564796294120356,
椎名菜羽Official,623441612,22347054,211376.0,70,57.372368005289786,
饭团喵にゃん,545530293,22563900,107356.0,70,14.419620979773299,
雾深Girimi,1484169431,23805029,142336.0,70,32.3009598354912,
夏诺雅_shanoa,1612112,1321846,328017.0,70,85.23203334948005,
汐兔子,6548616,1064046,,69,,75.0
茂Sigeru,2064099563,24762598,173417.0,68,42.823007548635815,
樱咲奈央_Official,1880188304,23797026,152941.0,68,34.85699582262191,
蛙吹Keroro,613345189,22344968,96742.0,68,5.8195051365426025,
录音姬阿童木,1595005,450956,146469.0,67,31.115679732381523,
奏Kanade_Official,1027871419,23052050,780313.0,67,137.17635537426168,
祈Inory,234782,544625,773410.0,66,135.61299487866597,
彩虹酱哇,15076745,364027,1198843.0,66,163.401398421179,
綾奈奈奈,186463,337374,202203.0,65,49.55953857088434,
安可乐ovo,1427895,4161354,,65,,75.0
塞拉菲娜_Serafina,1025491703,23941099,437543.0,64,97.49817884312085,
安心愛,37786223,21422786,99178.0,64,3.396172750278197,
菜菜姐莎疯了,677744233,22508204,529807.0,63,108.62899552805504,
痒局长,322892,5441,,63,,75.0
Mr迷瞪,304578055,22491717,,62,,75.0
月月奶芙,1745610081,23051623,,61,,75.0
铃乃Chan,471322521,30580940,185203.0,61,39.991774505235526,
古堡龙姬,686201061,22587430,322236.0,60,74.10470273573492,
步玎Pudding,416622817,21413565,394442.0,58,84.92341633028911,
勾檀Mayumi,690608693,22778610,173957.0,58,33.02012090529183,
星罗月兔,2828592,10029128,271730.0,58,61.29657061088085,
鹿子kanoco,26541399,360169,301919.0,58,67.97575067244179,
卡特亚,43222001,1455691,,57,,75.0
里奈Rina,7591465,873642,156758.0,56,24.41986851170384,
橙子miu,13089665,1223832,182727.0,56,34.13845583188231,
符瑶koritsu,2109776,6431492,342574.0,56,73.98500440839996,
榛葉nami,1802392,9395707,291963.0,56,63.84984168061408,
怠惰V_official,1070733875,23238218,343264.0,56,74.11257393577966,
小鸟游杏子Official,1069108539,23472646,220146.0,56,45.94973171673621,
括号笑叔,1749046,898463,169614.0,55,28.417186622925215,
绫加奥娜,617737,41666,137672.0,55,15.188699106396939,
鹤祁_Tsuruki,2878144,708397,119459.0,55,6.192186598749345,
麻呜Meow,3493075871598759,27364270,220956.0,53,43.182576082541004,
银杏Kyou,1344926320,24572617,136390.0,52,11.59555308218637,
AIChannel中国绊爱,484322035,21712406,1183413.0,52,148.58009652882708,
江夫人_KWKmia,3493075143887555,26309606,123286.0,51,4.191419581195987,
小风铃是只咕咕狐,160450916,5293697,201467.0,51,35.32834749051176,
天音マリー,1801527765,24813281,192690.0,50,31.504326595524617,
马马今天马枪了吗,609132511,22330922,586614.0,50,102.08655392075138,
布丁喵Official,1422451239,22715167,131179.0,50,7.125766380121831,
鳥取鹿子Mizuchi,946324,178291,392109.0,48,74.54731196128762,
子言姐姐,293917,929340,373536.0,48,71.47079672628149,
嗷金宝很柔弱_,614428140,25746973,127486.0,48,3.3153002521519284,
天曰小雏Official,2007781080,22989215,234024.0,47,40.82554563180622,
乙女音Official,406805563,21320551,325123.0,46,60.67019116936615,
花园花玲,7966,597450,2178184.0,46,181.259730609205,
洛九三EIF00,1133258171,24726627,162848.0,45,15.836298363234619,
不是Av的Ay君,12048009,404538,243334.0,45,41.29886274893204,
杆菌无敌,164627,26057,,44,,75.0
鈴宮鈴,480432362,21685677,212884.0,43,30.82307088859079,
可妮Koni_Official,1372936974,24441860,155923.0,43,11.081254231704747,
物述有栖Official,434565011,21449083,388611.0,43,68.97918335172778,
plave_official,3493141629896727,27433801,207774.0,42,28.282674951002264,
Sawako碎花子,477007,3649650,162543.0,42,12.7174443957731,
扶桑大红花丶,3985676,947866,1022612.0,42,129.3210021487704,
kawaaasu,3098936,45827,,42,,75.0
雨街F,118754720,4611671,149950.0,41,6.604825476831593,
激辣味噌,193558681,5391723,286513.0,41,47.65518460324665,
诺拉Nora_Heitis,650663945,22550560,226087.0,40,31.63800513957335,
猫芒ベル_Official,487550002,21811136,181929.0,40,17.860970855560822,
甜药Jamren,106017013,13308358,,40,,75.0
老实憨厚的子衿,271815944,23718393,,40,,75.0
无数梦境,6713974,7129270,,39,,75.0
大祥哥来了,2920960,732602,,39,,75.0
砂糖星织,1495003,11532688,272833.0,39,42.553401484925416,
柯暮卿,9923775,925758,202526.0,38,22.660733218895984,
红魔姬Mora,3537119901387660,30864145,,38,,75.0
yoyo鹿鸣_Lumi,488836173,25411285,1635300.0,38,155.08515513107852,
薄荷Miint,3493076263766277,26323225,155575.0,37,4.939595478332308,
春野萌Moe,3570093,1589452,195061.0,37,19.27968641951213,
轻叹ww,2093232,994304,506939.0,37,79.83165384833808,
拼音音,2029930,122300,,37,,75.0
星粥Kayuu,19565962,23556784,275378.0,35,39.142058622979675,
Fulgur_Official,1281805827,25734481,287130.0,35,41.79156843460112,
花园Serena,380829248,14327465,619967.0,35,90.59252498921092,
蜜汁工坊,80505,853672,341478.0,34,51.78184307136826,
希亚娜Ciyana,1926156228,22608112,191328.0,33,14.054602040552027,
胡桃Usa,12497617,4788550,279203.0,33,38.01662463021228,
三桂儿丶,383487730,25481321,,32,,75.0
老番茄,546195,21852,,30,,75.0
猫姬琥珀_official,503801557,23778409,203647.0,30,15.010690406859112,
友利Mori,279704683,8915924,396783.0,30,57.29858100048125,
早铃,3938351,22953683,244605.0,30,26.629156421925018,
勺Shaun,666726801,22470208,323278.0,29,43.30938569343982,
火羽ひのめ,2094031249,22748536,,29,,75.0
CSGO--德云两鬼,384942089,22889518,,28,,75.0
❀Sakulaˇ小舞,264161,837039,344329.0,28,46.30897225279307,
Vox_EN_Official,1775966996,24731541,1403176.0,27,134.37937371020666,
Elysian绿豆,42455,26445,,26,,75.0
心斎橋オクトOfficial,17492464,3827429,224072.0,23,14.070419672079652,
生命幻象,742365,209225,1112186.0,23,115.64452957991091,
新月冰冰,3295,5275,1013635.0,22,108.76198795522964,
浪浪咕咕咕,19091473,3297495,,22,,75.0
唐虎虎_忘川主播,1934290510,25589039,188896.0,21,1.2435490677623875,
★⑥檤轮囬★,295723,16405,,21,,75.0
折腾5号,927687,5088,,21,,75.0
